{"resourceType": "DiagnosticReport", "id": "96c2222f-10ee-43ec-94e4-cea15b61b24a", "patientId": "ddf5ae5c-5646-4a76-9efd-f7e697f3b728", "status": "final", "code.coding.system": "http://loinc.org", "code.coding.code": "57698-3", "code.coding.display": "Lipid Panel", "code.text": "Lipid Panel", "context.reference": "Encounter/6f388fcc-a351-4c8e-a99d-fcfa5839597c", "effectiveDateTime": "2007-05-05T16:33:20+00:00", "issued": "2007-05-05T16:33:20.246+00:00", "result.reference": "Observation/ae05095f-11ad-4143-ad5e-a13bb4bc7064", "result.display": "Blood Pressure"}