{
  "resourceType": "Patient",
  "id": "ddf5ae5c-5646-4a76-9efd-f7e697f3b728",
  "text": {
    "status": "generated",
    "div": "<div xmlns=\"http://www.w3.org/1999/xhtml\">Generated by <a href=\"https://github.com/synthetichealth/synthea\">Synthea</a>.Version identifier: synthea-java .   Person seed: -6384902085137816074  Population seed: 1527089799922</div>"
  },
  "identifier": [

    {
      "type": {
        "coding": [
          {
            "system": "http://hl7.org/fhir/v2/0203",
            "code": "MR",
            "display": "Medical Record Number"
          }
        ],
        "text": "Medical Record Number"
      },
      "system": "http://hospital.smarthealthit.org",
      "value": "811df04a-d630-4901-816d-d5d63f050267"
    }
  ],
  "name": [
    {
      "use": "official",
      "family": "Pedroza",
      "given": [
        "Adriana"
      ],
      "prefix": [
        "Mrs."
      ]
    },
    {
      "use": "maiden",
      "family": "Benítez",
      "given": [
        "Adriana"
      ],
      "prefix": [
        "Mrs."
      ]
    }
  ],
  "telecom": [
    {
      "system": "phone",
      "value": "555-146-4994",
      "use": "home"
    }
  ],
  "gender": "female",
  "birthDate": "1938-02-19",
  "deceasedDateTime": "2014-10-11T16:33:20+00:00",
  "address": [
    {
   
      "line": [
        "521 Wilderman Row Suite 20"
      ],
      "city": "Westborough",
      "state": "Massachusetts",
      "postalCode": "01581",
      "country": "US"
    }
  ],
  "maritalStatus": {
    "coding": [
      {
        "system": "http://hl7.org/fhir/v3/MaritalStatus",
        "code": "M",
        "display": "M"
      }
    ],
    "text": "M"
  },
  "multipleBirthBoolean": false,
  "communication": [
    {
      "language": {
        "coding": [
          {
            "system": "urn:ietf:bcp:47",
            "code": "es",
            "display": "Spanish"
          }
        ],
        "text": "Spanish"
      }
    }
  ]
}