{"resourceType": "Patient", "id": "ddf5ae5c-5646-4a76-9efd-f7e697f3b728", "text.status": "generated", "text.div": "<div xmlns=\"http://www.w3.org/1999/xhtml\">Generated by <a href=\"https://github.com/synthetichealth/synthea\">Synthea</a>.Version identifier: synthea-java .   Person seed: -6384902085137816074  Population seed: 1527089799922</div>", "identifier.type.coding.system": "http://hl7.org/fhir/v2/0203", "identifier.type.coding.code": "MR", "identifier.type.coding.display": "Medical Record Number", "identifier.type.text": "Medical Record Number", "identifier.system": "http://hospital.smarthealthit.org", "identifier.value": "811df04a-d630-4901-816d-d5d63f050267", "name.use": "maiden", "name.family": "Ben\u00edtez", "telecom.system": "phone", "telecom.value": "555-146-4994", "telecom.use": "home", "gender": "female", "birthDate": "1938-02-19", "deceasedDateTime": "2014-10-11T16:33:20+00:00", "address.city": "Westborough", "address.state": "Massachusetts", "address.postalCode": "01581", "address.country": "US", "maritalStatus.coding.system": "http://hl7.org/fhir/v3/MaritalStatus", "maritalStatus.coding.code": "M", "maritalStatus.coding.display": "M", "maritalStatus.text": "M", "multipleBirthBoolean": false, "communication.language.coding.system": "urn:ietf:bcp:47", "communication.language.coding.code": "es", "communication.language.coding.display": "Spanish", "communication.language.text": "Spanish"}