{
  "resourceType": "DiagnosticReport",
  "id": "cca7e86a-14de-417c-9d16-ac992f0629c9",
  "patientId": "ddf5ae5c-5646-4a76-9efd-f7e697f3b728",
  "status": "final",
  "code": {
    "coding": [
      {
        "system": "http://loinc.org",
        "code": "57698-3",
        "display": "Lipid Panel"
      }
    ],
    "text": "Lipid Panel"
  },
  "subject": {
    "reference": "Patient/ddf5ae5c-5646-4a76-9efd-f7e697f3b728"
  },
  "context": {
    "reference": "Encounter/65787ab8-63e4-4927-9a6c-66c51a10c97c"
  },
  "effectiveDateTime": "2010-05-22T16:33:20+00:00",
  "issued": "2010-05-22T16:33:20.246+00:00",
  "result": [
    {
      "reference": "Observation/aa3c47bc-eac5-4f85-9d8d-2df681b8f128",
      "display": "Total Cholesterol"
    }
  ]
}